frame,media_ms,queue_ms,preprocess_ms,inference_ms,postprocess_ms,observation_latency_ms,visible_tracks,capture_lag_ms
0,0,0.241167,0.310708,76.6418,0.214333,77.4118,0,0.025
1,33.3333,44.5889,0.2405,75.5763,0.213417,120.624,0,0.0284587
3,100,48.9399,0.214542,75.5697,0.210125,124.94,0,5.56354
5,166.667,62.4537,0.220333,78.456,0.207959,141.343,0,1.88525
7,233.333,71.8751,0.224375,69.0235,0.20775,141.333,0,5.17796
10,333.333,36.9442,0.208917,71.2248,0.223,108.607,3,10.0218
12,400,51.0688,0.226333,71.7665,0.207708,123.276,0,1.79754
14,466.667,48.9456,0.21175,70.9733,0.218458,120.351,0,10.0103
16,533.333,59.1999,0.210291,73.8267,0.207417,133.453,0,5.00396
18,600,62.8434,0.264083,76.3833,0.207458,139.701,0,9.47075
21,700,43.8638,0.218084,75.9724,0.214875,120.274,0,5.85408
23,766.667,53.1325,0.201208,70.2797,0.212584,123.832,0,6.87329
25,833.333,59.0918,0.221458,76.1648,0.215,135.697,0,5.48446
27,900,69.1889,0.202708,71.9803,0.221958,141.597,3,5.82625
30,1000,42.7929,0.276083,71.1891,0.214541,114.481,0,5.56242
32,1066.67,50.0403,0.218208,70.695,0.20725,121.164,0,3.87279
34,1133.33,51.7241,0.204917,75.3901,0.207959,127.53,0,7.19904
36,1200,63.0405,0.223333,69.8289,0.207208,133.307,0,5.55867
38,1266.67,62.7055,0.209833,70.7874,0.207417,133.916,0,10.0126
41,1366.67,44.346,0.203291,71.5098,0.214708,116.279,0,0.101
43,1433.33,42.7277,0.206584,74.3009,0.207375,117.445,0,7.51004
45,1500,54.1527,0.21125,73.204,0.217875,127.788,3,4.66967
47,1566.67,59.3351,0.22,73.5932,0.218334,133.37,3,7.37625
49,1633.33,65.0145,0.204917,73.893,0.207375,139.323,0,10.0176
52,1733.33,46.3146,0.206875,73.9032,0.20775,120.639,0,3.52642
54,1800,53.7231,0.206583,73.0102,0.211083,127.156,0,4.32092
56,1866.67,59.8715,0.22075,74.3997,0.207666,134.708,0,5.47821
58,1933.33,73.304,0.225459,73.2794,0.22725,147.039,3,0.72
61,2033.33,38.6915,0.210584,77.41,0.22475,116.54,3,10.0214
63,2100,50.7016,0.226417,72.5466,0.228666,123.707,3,10.135
65,2166.67,58.1005,0.201417,74.4195,0.214834,132.939,3,10.0073
67,2233.33,71.3961,0.219625,73.9271,0.214333,145.76,0,5.79971
70,2333.33,46.524,0.222958,72.8696,0.207291,119.829,0,5.55612
72,2400,56.5844,0.205042,71.8525,0.207416,128.853,0,2.70133
74,2466.67,55.4078,0.202625,71.4111,0.214542,127.239,0,10.011
76,2533.33,65.4917,0.217333,71.7685,0.209875,137.689,0,5.56183
79,2633.33,37.2508,0.20475,70.6566,0.208834,108.324,0,6.48192
81,2700,38.6098,0.2155,71.1162,0.207625,110.154,0,10.021
83,2766.67,43.9968,0.210958,73.1949,0.210417,117.616,0,10.0162
85,2833.33,55.8135,0.213458,72.6673,0.214625,128.912,0,5.66525
87,2900,65.7913,0.20125,74.3709,0.214625,140.583,0,2.63229
89,2966.67,67.0129,0.225916,71.5879,0.21475,139.044,0,10.0138
92,3066.67,39.2879,0.220417,72.5731,0.214583,112.299,3,10.2854
94,3133.33,46.8495,0.212625,72.2276,0.207291,119.502,0,10.0098
96,3200,53.3442,0.199167,73.7691,0.214917,127.532,0,10.0177
98,3266.67,62.9868,0.213125,71.0323,0.20725,134.456,0,8.37742
101,3366.67,33.2839,0.202417,74.5986,0.210208,108.298,0,10.0209
103,3433.33,43.304,0.216542,74.1497,0.207292,117.883,0,8.869
105,3500,50.5735,0.20125,70.6765,0.207125,121.661,0,10.0121
107,3566.67,55.4751,0.2005,71.7869,0.213708,127.679,3,10.0146
109,3633.33,61.9149,0.199125,76.0574,0.224458,138.399,3,10.0152
112,3733.33,39.9562,0.204542,72.1541,0.2075,112.525,0,9.33579
114,3800,50.1284,0.202416,72.3398,0.208125,122.881,0,5.60846
116,3866.67,52.3195,0.202959,71.065,0.215125,123.807,0,10.0141
118,3933.33,57.669,0.222791,73.8912,0.207,131.996,0,10.013
120,4000,65.7797,0.1975,75.2152,0.207166,141.404,0,10.0155
123,4100,41.8696,0.205416,77.2188,0.221208,119.518,3,10.018
125,4166.67,53.7913,0.214709,75.2307,0.219042,129.46,3,10.0185
127,4233.33,63.7459,0.203417,70.2934,0.227166,134.472,3,10.0078
129,4300,68.7101,0.21775,72.1893,0.226917,141.347,3,10.0126
132,4400,44.235,0.207834,68.7656,0.21475,113.43,0,8.04679
134,4466.67,55.2274,0.209375,75.24,0.20725,130.889,0,0.0640413
136,4533.33,54.7199,0.207792,72.1715,0.207208,127.312,0,10.0136
138,4600,60.4817,0.202625,70.8276,0.207292,131.724,0,10.683
140,4666.67,66.2185,0.22225,72.7245,0.219125,139.387,3,10.016
142,4733.33,73.597,0.210125,75.2912,0.222958,149.324,0,10.0105
145,4833.33,54.8296,0.208125,72.6686,0.207291,127.916,0,4.9765
147,4900,63.6397,0.207542,74.0307,0.210417,138.092,0,3.09433
149,4966.67,65.051,0.201458,71,0.20725,136.463,0,10.0221
151,5033.33,70.3039,0.204792,73.0038,0.2075,143.724,0,10.0093
154,5133.33,44.2265,0.205958,74.854,0.229917,119.52,3,10.0078
156,5200,53.7902,0.22275,71.6917,0.209959,125.917,0,10.0127
158,5266.67,59.6551,0.201041,76.2035,0.207584,136.272,0,10.1079
160,5333.33,70.1938,0.21425,72.1817,0.2145,142.809,0,10.0148
163,5433.33,43.2991,0.197708,74.0104,0.207417,117.718,0,10.0284
165,5500,60.174,0.207875,74.0555,0.207916,134.648,0,1.41133
167,5566.67,61.4443,0.207333,67.7775,0.2145,129.647,0,8.44213
170,5666.67,28.9787,0.202333,69.7238,0.207375,99.1181,0,9.59567
171,5700,65.8905,0.227417,73.3044,0.227334,139.653,3,10.0116
174,5800,40.5426,0.205167,73.3102,0.22025,114.281,3,10.0375
176,5866.67,48.2122,0.217541,72.7089,0.226417,121.369,0,10.3348
178,5933.33,56.9558,0.217334,72.2492,0.214875,129.642,0,8.59117
180,6000,64.0329,0.203959,69.2948,0.207125,133.745,0,8.02392
183,6100,40.867,0.22125,72.4487,0.207709,113.75,0,1.406
185,6166.67,46.9953,0.209792,72.9244,0.207625,120.341,0,1.92496
187,6233.33,46.265,0.2055,70.2143,0.208708,116.896,0,9.77329
189,6300,58.5301,0.203208,71.5738,0.215875,130.526,3,1.95275
191,6366.67,56.7423,0.200125,71.8822,0.224292,129.051,3,10.0148
193,6433.33,63.3332,0.203042,74.4756,0.227792,138.242,3,10.0105
196,6533.33,39.7013,0.204125,72.5325,0.207708,112.649,0,9.54137
198,6600,50.2103,0.22125,74.1451,0.209958,124.789,0,5.83037
200,6666.67,63.0786,0.207709,70.3589,0.207833,133.857,0,1.38667
202,6733.33,59.0759,0.215875,73.2667,0.217375,132.779,3,10.0155
205,6833.33,34.3972,0.198917,76.5255,0.207667,111.335,0,9.27229
207,6900,52.729,0.222125,78.258,0.2145,131.428,0,1.71967
209,6966.67,64.0387,0.204,69.9503,0.207125,134.405,0,2.97933
211,7033.33,61.2268,0.220084,72.9622,0.207166,134.629,0,10.0131
214,7133.33,38.8077,0.222541,73.1648,0.217416,112.415,0,6.33117
216,7200,42.5991,0.218875,70.4948,0.207541,113.524,0,10.0208
218,7266.67,47.4118,0.203416,70.4581,0.210042,118.286,0,10.0088
220,7333.33,53.5668,0.207208,71.889,0.227541,125.893,3,8.59387
222,7400,58.7453,0.199292,71.884,0.207625,131.039,0,10.0086
224,7466.67,72.0497,0.211,73.0276,0.207583,145.499,0,2.794
227,7566.67,38.7507,0.206583,73.5195,0.207333,112.687,0,10.0089
229,7633.33,49.3844,0.213958,71.2168,0.207958,121.027,0,7.13125
231,7700,51.9694,0.22975,72.1764,0.214041,124.596,0,10.011
233,7766.67,58.4042,0.201125,75.0901,0.210042,133.908,0,10.0367
235,7833.33,76.0682,0.225583,72.0775,0.214084,148.593,0,1.69983
238,7933.33,44.3682,0.200166,73.4325,0.227042,118.231,3,6.41883
240,8000,57.5271,0.209583,72.0815,0.207042,130.031,0,1.37579
242,8066.67,61.3891,0.206542,73.3279,0.207917,135.139,0,3.85692
244,8133.33,65.5005,0.227417,74.8785,0.2145,140.825,0,7.33642
247,8233.33,46.2162,0.206208,69.5767,0.214208,116.22,0,2.41583
249,8300,51.0123,0.199792,69.6619,0.21675,121.092,0,1.47958
251,8366.67,50.2805,0.21575,75.7743,0.215042,126.489,3,6.13558
253,8433.33,62.415,0.210375,71.81,0.218416,134.657,3,4.48337
255,8500,63.3394,0.2025,73.5749,0.219333,137.339,3,10.0141
258,8600,39.9376,0.204958,70.372,0.207417,110.726,0,8.35837
260,8666.67,47.7418,0.202167,74.4325,0.207292,122.586,0,5.19771
262,8733.33,51.5823,0.20875,72.7988,0.211625,124.807,0,10.0167
264,8800,58.9239,0.195333,75.6265,0.207292,134.955,0,9.689
267,8900,43.4305,0.21675,69.2153,0.207291,113.073,0,1.72642
269,8966.67,42.4253,0.201333,73.0165,0.207333,115.856,0,6.21833
271,9033.33,45.8784,0.220667,72.1116,0.216667,118.43,0,10.0144
273,9100,58.3807,0.2215,71.7853,0.207084,130.602,0,3.89621
275,9166.67,58.3098,0.199,73.3643,0.207666,132.084,0,10.0094
277,9233.33,65.9167,0.231666,69.5568,0.2175,135.925,0,10.0139
280,9333.33,42.5148,0.199042,70.9429,0.207042,113.867,0,3.92371
282,9400,46.1767,0.207958,70.5147,0.210041,117.114,0,5.42629
284,9466.67,46.4112,0.19925,72.0918,0.207667,118.915,0,10.0112
286,9533.33,56.4353,0.215417,73.0825,0.214417,129.951,0,6.32679
