frame,media_ms,queue_ms,preprocess_ms,inference_ms,postprocess_ms,observation_latency_ms,visible_tracks
0,0,0.7335,0.215625,74.722,0.2205,75.8956,3
1,33.3333,40.8738,0.238625,73.0891,0.214292,114.419,3
2,66.6667,83.4548,0.213709,78.3436,0.216666,162.232,3
3,100,126.077,0.215,71.6345,0.216875,198.146,3
4,133.333,170.435,0.228375,71.7978,0.2465,242.711,3
5,166.667,210.088,0.228125,72.4195,0.224541,282.963,3
6,200,251.547,0.209625,76.6314,0.227583,328.619,3
7,233.333,291.851,0.212,73.9323,0.215709,366.214,3
9,300,300.537,0.22375,75.2753,0.219208,376.258,3
12,400,277.208,0.20675,70.965,0.22125,348.605,3
14,466.667,285.477,0.226042,72.9465,0.219,358.872,3
16,533.333,290.584,0.224125,72.9083,0.220167,363.939,3
18,600,298.205,0.2085,75.8495,0.217875,374.484,3
21,700,278.77,0.213291,72.5059,0.216917,351.71,3
23,766.667,286.379,0.202875,77.0377,0.216125,363.839,3
25,833.333,296.325,0.223959,73.6391,0.218125,370.408,3
28,933.333,272.904,0.20725,73.2524,0.218834,346.586,3
30,1000,279.79,0.250917,75.8846,0.217375,356.147,3
32,1066.67,288.046,0.221417,74.6116,0.314417,363.197,3
34,1133.33,301.189,0.260834,75.2419,0.217625,376.914,3
37,1233.33,274.098,0.259708,75.3648,0.214417,349.939,3
39,1300,284.172,0.218292,76.9588,0.217209,361.57,3
41,1366.67,295.765,0.226708,75.7407,0.28375,372.019,3
43,1433.33,306.468,0.244708,75.42,0.220833,382.357,3
46,1533.33,287.418,0.216291,76.446,0.216708,364.301,3
48,1600,294.45,0.231416,72.2315,0.220375,367.137,3
50,1666.67,301.446,0.2025,71.5861,0.217042,373.454,3
53,1766.67,278.046,0.23975,75.2482,0.216125,353.754,3
55,1833.33,286.423,0.21025,70.1861,0.218917,357.042,3
57,1900,289.444,0.238125,73.4824,0.213958,363.381,3
60,2000,263.868,0.212708,77.464,0.21625,341.764,3
62,2066.67,276.43,0.206375,69.9651,0.230625,346.835,3
64,2133.33,282.052,0.210375,78.651,0.231917,361.15,3
66,2200,294.473,0.519542,77.6221,0.219042,372.838,3
68,2266.67,307.121,0.231584,73.8661,0.221042,381.443,3
71,2366.67,286.091,0.209458,75.2873,0.218833,361.81,3
73,2433.33,292.355,0.23675,70.8575,0.221875,363.675,2
75,2500,302.044,0.223917,76.7749,0.216375,379.262,3
78,2600,279.859,0.226334,71.9381,0.211333,352.237,2
80,2666.67,282.696,0.21,75.8395,0.217708,358.967,2
82,2733.33,296.963,0.216917,73.879,0.214917,371.276,2
84,2800,301.774,0.2345,73.5031,0.2165,375.732,3
87,2900,277.868,0.20075,75.6937,0.215334,353.982,3
89,2966.67,287.117,0.227833,73.162,0.219042,360.73,3
91,3033.33,294.983,0.199875,75.4435,0.221459,370.851,0
94,3133.33,275.08,0.214958,73.4447,0.206584,348.95,0
96,3200,279.141,0.216334,71.0738,0.206875,350.645,0
98,3266.67,284.332,0.246792,73.3081,0.206708,358.097,0
100,3333.33,292.173,0.218542,72.246,0.206084,364.849,0
103,3433.33,269.149,0.216291,70.3021,0.207375,339.878,0
105,3500,271.908,0.205459,72.7474,0.210959,345.085,0
107,3566.67,277.089,0.221042,68.0018,0.206583,345.523,0
109,3633.33,279.493,0.210583,72.1029,0.207125,352.017,0
111,3700,285.916,0.21825,70.1404,0.206417,356.486,0
114,3800,261.181,0.222875,72.805,0.208167,334.422,0
116,3866.67,268.703,0.230208,73.8311,0.206833,342.977,0
118,3933.33,273.166,0.224334,70.6116,0.209917,344.215,0
120,4000,278.116,0.22425,74.2399,0.229166,352.813,6
122,4066.67,286.984,0.204833,72.6583,0.22325,360.073,6
125,4166.67,260.892,0.218333,73.9614,0.23125,335.309,6
127,4233.33,269.503,0.228459,74.4935,0.22025,344.448,6
129,4300,279.732,0.207042,72.6238,0.221167,352.792,6
131,4366.67,285.925,0.203958,74.9223,0.219542,361.275,6
133,4433.33,299.192,0.20325,74.8808,0.233917,374.513,6
136,4533.33,271.622,0.200666,74.0477,0.225709,346.1,6
138,4600,280.287,0.258541,73.773,0.218417,354.54,6
140,4666.67,288.639,0.208292,73.3856,0.222,362.458,6
142,4733.33,300.453,0.219375,73.4397,0.220542,374.337,6
145,4833.33,271.484,0.209917,72.7845,0.223334,344.705,6
147,4900,282.607,0.203083,69.8072,0.218916,352.838,6
149,4966.67,287.015,0.209167,72.7165,0.219667,360.163,6
151,5033.33,294.299,0.207584,69.7168,0.220667,364.448,6
154,5133.33,265.078,0.2145,75.1877,0.224042,340.708,6
156,5200,274.449,0.211375,73.059,0.218416,347.941,6
158,5266.67,282.759,0.23475,71.4582,0.218625,354.675,6
160,5333.33,285.172,0.229917,71.8975,0.218625,357.522,6
162,5400,292.488,0.230541,74.8115,0.226125,367.76,6
165,5500,268.589,0.221333,72.2305,0.220458,341.265,6
167,5566.67,279.162,0.227792,72.2471,0.21875,351.859,6
169,5633.33,285.824,0.210708,71.8178,0.218917,358.075,6
171,5700,288.741,0.20475,72.7164,0.224667,361.891,6
174,5800,262.732,0.224041,72.0102,0.220167,335.189,6
176,5866.67,271.299,0.227041,70.3061,0.217333,342.053,6
178,5933.33,274.264,0.217875,71.9963,0.228584,346.71,6
180,6000,280.899,0.227,71.2294,0.216667,352.575,3
182,6066.67,290.571,0.208875,73.3147,0.217666,364.316,3
185,6166.67,264.275,0.21825,73.6395,0.215167,338.35,3
187,6233.33,273.167,0.213792,74.5473,0.215542,348.147,3
189,6300,278.585,0.2085,74.6145,0.231625,353.643,3
191,6366.67,288.372,0.203875,73.8173,0.214541,362.612,3
193,6433.33,300.61,0.219167,70.5336,0.220417,371.587,3
196,6533.33,271.185,0.218417,71.7724,0.215833,343.395,3
198,6600,279.076,0.204042,74.1533,0.216042,353.653,3
200,6666.67,284.179,0.203459,71.8786,0.220542,356.485,3
202,6733.33,292.041,0.227209,72.9668,0.219125,365.457,3
205,6833.33,270.104,0.202959,74.0447,0.215666,344.571,3
207,6900,275.141,0.202334,74.2871,0.216542,349.851,3
209,6966.67,284.157,0.206416,76.6933,0.222083,361.283,3
211,7033.33,299.953,0.21425,80.7823,0.217333,381.171,3
214,7133.33,277.731,0.22675,72.027,0.213791,350.202,3
216,7200,287.745,0.213375,73.8769,0.216417,362.056,3
218,7266.67,296.758,0.2095,73.5143,0.21575,370.701,3
220,7333.33,301.361,0.23375,71.0115,0.219333,372.83,3
223,7433.33,273.826,0.213667,76.6354,0.216166,350.894,3
225,7500,288.886,0.223375,73.5102,0.215333,362.838,3
227,7566.67,297.131,0.211958,73.049,0.215917,370.611,3
230,7666.67,270.243,0.217584,71.7793,0.215916,342.458,3
232,7733.33,274.276,0.207167,72.5316,0.222917,347.242,3
234,7800,284.763,0.212917,75.9757,0.256958,361.212,3
236,7866.67,292.231,0.208459,72.9961,0.214083,365.654,3
239,7966.67,270.278,0.202583,73.6179,0.216041,344.32,3
